0.ID,1.filename,2.name,3.icon,4.space
1,character/creator/Kiyora.html,きよら,no,
2,character/creator/Tsuchiki_Tsutomu.html,土木工,no,
3,character/creator/Ki_Akeru.html,紀伊明瑠,no,
4,character/creator/Sashihara_Aoko.html,刺原青子,no,
5,character/creator/Harada_Saku.html,原田朔,no,
6,character/creator/Kano_Ryosuke.html,狩野猟輔,no,
7,character/creator/Kuruma_Tsukasa.html,久留間掌,no,
8,character/creator/Kuruma_Takushi.html,久留間拓志,no,
9,character/creator/Kiyota_Sojiro.html,清田掃除郎,no,
10,character/creator/Jyoshima_Shirase.html,情島報,no,
11,character/creator/Osakabe_Nariyuki.html,刑部事,no,
12,character/creator/Okane_Kakeru.html,岡根賭,no,
13,character/creator/Kishi_Kaisei.html,岸海生,no,
14,character/creator/Syo_Setsuka.html,荘雪華,no,
15,character/creator/Yashirozaki_Iku.html,社先生,no,
16,character/creator/Yaku_Zantetsu.html,夜久斬鉄,https://cdn.discordapp.com/attachments/1058661386214985768/1058669039343378445/693_20221231174843.png,
17,character/creator/Matsudo_Saien.html,松戸才円,no,
18,character/creator/Meta_Takatsugu.html,米田高次,no,
19,character/creator/Shintan_Himoroginomikoto.html,薪炭神籬命,no,
20,character/creator/Bijl.html,Bijl,no,
21,character/creator/Kikkai_Bunya.html,吉貝ブン哉,no,
22,character/creator/Tsube_Toko.html,津辺冬煌(ダダ),no,
23,character/creator/Tosatsu_Saho.html,土佐津咲穂,no,
24,character/creator/Otonari_Sakura.html,音成作楽,no,
25,character/creator/Amashita_Sadayuki.html,天下决判,no,
26,character/creator/Rubbish.html,rubbish,no,
27,character/creator/Seishin_kai.html,清心叶維,no,
28,character/creator/Matatakumono.html,瞬くもの,no,
29,character/creator/Ayame.html,あやめ,no,
30,character/creator/Toka.html,灯火,no,
31,character/creator/Zen_Isso.html,全一掃,no,
32,character/creator/Maka.html,マカ,no,
33,character/creator/Otegami_Todoke.html,御手紙届,no,
34,character/creator/Fudo_Yukiyama.html,不動如山,no,
35,character/creator/Ichimonnji_Kasumi.html,一華白,no,
36,character/creator/Ando_Roid.html,安藤ロイド,no,
37,character/creator/Shirogane_Yukiko.html,銀行子,no,
38,character/creator/Flow.html,Flow,no,
39,character/creator/Kuratsuka_Hajime.html,倉塚一,no,
40,character/creator/Hamu_Taro.html,波向太郎,no,
41,character/creator/Jinsai.html,人災,no,
42,character/creator/Claus_Corbett.html,Claus・Corbett,no,
43,character/creator/Kuruma_Takushi_tosk.html,久留間拓志,no,
44,character/creator/Azzaam_Musab_Tariif,عَزَّام・طَرِيف・مُصْعَب,no,
47,character/creator/Adashino_Syo.html,化野粧,no,
48,character/creator/Oikawa_Makoto.html,追川真実,no,
49,character/creator/Konbini_Baito.html,今日弐灰人,no,
50,character/creator/Yodogiri.html,澱切,no,
51,character/creator/Kazari_Gakusyu.html,文学修,no,
52,character/creator/Sorano_Karin.html,空野果臨,no,
53,character/creator/Eric_Hernandez.html,Eric・Hernandez,no,
54,character/creator/Akuta_Haiyu.html,芥田盃游,no,
55,character/creator/Ajiki_Miyatsuko.html,安食造,no,
56,character/creator/Asanagu_Syuto.html,朝凪舟渡,no,
57,character/creator/Lieselotte_Von_Schneider.html,Lieselotte・von・schneider,no,
58,character/creator/Tsukumo_Kyumei.html,九十九玖明,no,
59,character/creator/Kuniie_Gonta.html,國家権太,no,
60,character/creator/Okashi_Toma.html,尾柏噇満,no,
61,character/creator/Edward.html,Edward,no,
62,character/creator/Tomurai_Hitoyoshi.html,ト村井人義,no,
63,character/creator/Amelia_Spencer.html,Amelia・Spencer,no,
64,character/creator/Kemi_Karuma.html,計見果留痲,no,
65,character/creator/David_Cosmo.html,David・cosmo,no,
66,character/creator/Kasuda_Kyo.html,嘉数田教,no,
67,character/creator/Hirakoso_Kazuko.html,平社員子,no,
68,character/creator/Makino_Ema.html,牧野会馬,no,
69,character/creator/Tenkyo_Inichiro.html,天京院一郎,no,
70,character/creator/Genroku_Kotoka.html,源六琴歌,no,
72,character/creator/.html,,no,