0.ID,1.name,12.filename
1,紅の幻想,Kurenai.html
2,ハロウィンワンナイトクルーズ,Halloween_cruise.html
3,はらぺこあおむし,Harapeko.html
4,Life goes on,LGO.html
5,なつまつり,NatsuFes.html
6,n回目の初演,N_kaime.html
7,コマドリの葬列,Komadori.html
8,スモーキンバラッド,Smoking_ballad.html
9,わたしのかわいいハーメルン,Hameln.hml
10,祝祭,Shukusai.html
11,殺人 趣味レーター,Shumilator.html
12,英雄たちのフェルンヴェー,Fernweh.html
13,貴方は私を二度殺すのね,Nidokoro.html
14,太古の座敷牢,Zashikirou.html
15,その随に君を呼ぶ,Zui_kimi.html
16,遊園地は死で遊ぶ,Park_shi.html
17,デッドレックエンコード,Dead_rec.html
18,white room-矛盾本能-,Mujun-Honnou.html
19,私、友蔵の孫の友人です。,Tomozo_friend.html
20,混沌を運ぶ者,Chaos_driver.html
21,Because# Baby# I love you.,BB-ILY.html
22,壊胎,Kaitai.html
23,探索者ピックアップガチャ,PUG.html
24,カタシロ,Katashiro.html
25,棄教,Kikyou.html
26,果てにて,Hatenite.html
27,密室シェアハウス,Share_house.html
28,孕む緑と愛を視よ,Haramu_green.html
29,ONCE FOR BOTH,OFB.html
30,雨の日のタクシー,Rain_taxi.html
31,チョコレートコスモス,Chocosmos.html
32,薄明,Hakumei.html
33,アジサイ喫茶店,Ajisai_cafe.html
34,とある幸せな家族の話,Toashi.html
35,傀逅,Kaikou.html
36,豪華客船と怪盗団,Kaitoudan.html
37,庭師は何を口遊む,Niwashi.html
38,海も枯れるまで,Umi_kare.html
39,沼男は誰だ？,Swampman.html
40,再上映,Sai_Jyouei.html
41,セーラー服を脱がさないで,Sailor.html
42,極楽浄土に棲む魚ver上司,Paradise_boss.html
43,極楽浄土に棲む魚ver創造主,Paradise_creator.html
44,シュガーレス・ハッピーバレンタイン,Sugarless.html
45,チョコレイトはいかが？,How_choco.html
46,ソープスクール,Soup_Sch.html
47,アイリスからの恋文,Iris.html
48,落園,Rakuen.html
49,プリズム,Prism.html
50,さよならの向こう側,Beyond_sayonara.html
51,カタシロアナザー,Katashiro_another.html
52,NOBODY*2,NobaNoba.html
53,同居人,Dokyonin.html
54,NOBODY学園,Noba_Gaku.html
55,デッドマンズエスケイプショウ,DES.html
56,芋虫。,Imomushi.html
57,宇宙船ニル・ノート号の残響,Niruno-to.html
58,ヴェルネの天使は死を歌う,Vernet.html
59,夢見の妖精,Dream_fairy.html
60,ようこそ！迷冥市役所都市伝説課へ！,Toshidensetsuka.html
61,ぼくとかみさまのなつやすみ,Boku_Kami.html
62,死体は夏に向いていない,Shitai_natsu.html
63,Bye-Bye Summer Days,Bye-sama.html
64,無題-Untitled,Untitled.html
65,火点し頃の蜘蛛踊り,Hitomoshi.html
66,灰になってよかった,Hai_Yoka.html
67,にじさんじミステリー【消えた緑仙の謎】,Ryushen.html
68,ジャンヌの猟犬,JanKen.html
69,雨降らしの蝶,Amefura.html
70,ワンルーム・ディスコン,OneDis.html
71,キルキルイキル,Kill_Ikill.html
72,辜月のN,Kogetsu.html
73,奇奇怪怪同好会,Kikikaikai.html
74,愛飢ゑヲワル,Aiueo.html
75,サイレン清掃会社,Siren_clean.html
76,デウス・エクス・マキナは死んだ,Deshi.html
77,素晴らしき新年,Amazing_NY.html
78,VOID,VOID.html
79,獄夜を歩くぼくら,Gokuya.html
80,脱獄は乙女の嗜み,Datsu_Oto.html
81,"Good Morning, ALL",GMA.html
82,たたら,Tatara.html
83,ライカの行方,Laica.html
84,蹂躙するは我が手にて,Jurin.html
85,旅館の捕食者,Ryokan.html
86,検証A,KenshoA.html
87,ノアの感情論,Noah_emotion.html
88,紡命論とシンギュラリティ,Singularity.html
89,好きなことで、生きていく,Suki_koto.html
90,欲求の階段,Stairs_of_Desire.html
91,桜狂わば胎の中,Sakura_hara.html
92,ＨＩＲＡＥＴＨ,HIRAETH.html
93,ぼくらのシャングリラ、あの子のほうき星,Boku_shan.html
94,初恋性ストックホルム症候群,Hatsukoisei.html
95,地を這う標,Chiwohau.html
96,Dの信仰,DnoShinkou.html
97,"Oh, My Baby",Oh_my_baby.html
98,誰かが死んでいる,Dareshi.html
99,片鱗,Henrin.html
100,無色透明の真夏,Colorless_summer.html
101,刹夏,Setsuna.html
102,死を望まれた子供,Dead_child.html
103,ドロップアウトディスパイア,Drodis.html
104,花冷えに亡く季節,Hanahie.html
105,正しい死体の屠り方,Tada_hofu.html
106,奪還は乙女の嗜み,Dakkan_Oto.html
107,ꙮ-多眼のO-,Tagan_O.html
108,愛罠蜂,IwannaBee.html
109,Mr.アンラッキー&Ms.グッドラック,AndGood.html
110,ゲームマスターKPC,GM_KPC.html
111,嗤う人間師,Sneer_human.html
112,執着針,Shuchakusin.html
113,World End Breakers,WEB.html
114,"My Sweet, Dirty!",Masuda.html
115,うえからでられない,Uekara.html
116,事象地平のアストロナウト,Astronaut.html
117,AND/HAND,AND_HAND.html
118,ステガノグラフィ,Steganography.html
119,蛾と踊る,Dance_with_ga.html
120,"Mom, I'm home!",Momuho.html
121,週末は探偵事務所にて,Shumatsu_tantei.html
122,夜の蛙は眠らない,Night_frog.html
123,秘密と内証,Secret.html
124,裏切り者のワルツ,Ura_Waru.html
125,君に似合う色をあげる,Kimi_Iro.html
126,HO1とHO2が箱に詰められるだけ,Hako_Zume.html
127,不辜のサァカス ナイフノモツレ,Kasu_Motsu.html
128,いつか王子様が,Itsu_O.html
129,都市伝説課おまけシナリオ,Toshiden_omake.html
130,そうだ、キョウトとやらに行こう。,lets_go_Kyoto.html
131,トーキョーχスクランブルエッグ,Tosuku.html
132,先生,Sensei.html
133,胎む六月の果実,Fruit_June.html
134,彼方からの君に捧ぐ,Kana_kimi.html
135,盲心未遂,Moshin_misui.html
136,,
137,,
138,,